id;name
5716ecd0-af6c-4bae-aa37-184faf4775fe;stingy
0bd38e20-0efd-44d7-9d5c-4bac89f9d75b;upon vengeance
98349737-f650-4a1e-be19-8d7231cc2016;when
b7cf1399-8f2f-43a8-8a66-3d276ffbc592;ugh circa sure-footed
f5a46b68-0676-46f8-97a3-bb8992fa37cd;aw an consequently
9f3b2823-22f8-4bd4-bcf5-2e91197895c0;suspicious inside
638db883-b611-43b3-9af2-cfa4491e9022;abaft
f916d440-0f5b-4a90-887e-10c27c91beca;while er
44374d96-4842-4486-9357-bebe287a64ca;frankly aw impersonate
8ed8b1da-2a8b-4eef-9170-274e28c24ad8;beyond
