id;type
3f2363b6-4d3b-4d10-8481-5e2b753df71f;league qua
de4aa117-4a0d-4436-970a-93770a9b65b0;play crib riposte
f4ca841f-95a1-444d-a3a0-f0a11e04bdd3;supposing
16e2e9d3-285e-4081-8f1c-bf2ba340b46c;lament
512158fd-833e-404c-a39d-0a9a03a04939;ouch vacantly
2b2194b1-dd4e-47fe-8da0-baf5088d2bd1;documentary to
bcd1cda7-d1ab-4f29-8ef1-744c5d777be5;whether cope president
4adba948-d1be-43b2-965c-443df56880dd;frolic boohoo
b93665e3-4ffb-41bf-9b66-fef8ab34cb2b;seemingly charter gah
045532dd-d08d-4f8e-a1f1-7b032b33b1ad;inquisitively innocently
