id;nume;prenume;cnp
27539821-400a-4005-9dd2-5b18492176ea;tunnel;whoever;forenenst villainous
fcc19c31-fdcc-45d6-ad74-4f804a26fd9e;silently;failing whereas blah;transmission smart boohoo
d01ebaec-dae8-4658-9bd7-f350aec0cef5;jubilantly;pagoda excluding;knobby
98625fcf-7329-4b8a-aead-d9b9a200adb7;plaintive;scented fooey;dangerous
0ade196c-21a5-4548-a5c6-1f1362924def;bashfully;ha yum reproachfully;which kiddingly
6afcf0fd-0a99-4c0b-b395-cd7e0d1b77f1;perch incidentally;so honor unless;inside even whereas
9cfa316a-8105-4eb0-bb88-768c3761ec22;gently since dimpled;windsurf;sequence rudely survival
5f34ca8e-eb05-46f0-871c-09f08bf037b9;thorough;playfully;so yearly
832211c8-2333-461f-baff-56498e8efa0a;bah reappear um;arthur;nor though remote
97872735-12c3-4354-9fd9-92cee68b1e8a;but;an;unlucky
